"day_number","day_of_week","date","slot","pin_title","pin_description","destination_url","image_url","board_suggestion","hashtags","product_id_or_cluster","pin_type"
"1","Thu","2026-05-07","1","Garmin Varia eRTL615: The Must-Have… vs SanDisk Phone Drive with USB-C for…","Two Everyday Carry & Accessories options compared.
A: Garmin Varia eRTL615: The Must-Have Rearview… — $550 (Dimensions: 103.9 x 39.6 x 19.85 mm, Light Modes: Solid, Peloton, Night Flash, Day Flash)
B: SanDisk Phone Drive with USB-C for iPhone and Mac — $69 (Capacity: 256GB, Interface: USB 3.2 Gen 1)
Tap for the head-to-head. [paid affiliate link]","https://www.gadgetstyle.com.au/product/garmin-varia-ertl615-the-must-have-rearview-radar-taillight-for-safer-ebike-ride","https://www.gadgetstyle.com.au/images/mirrored/varia-vue-fb-7-d_2.webp","Everyday Carry & Accessories","#gadgetstyle #techfinds #coolgadgets #edc #everydaycarry #techessentials","compare-170-vs-110","comparison"
"1","Thu","2026-05-07","2","OPPO A6k Smartphone","At $175, the A6k sits at the practical floor of the budget 5G-adjacent Android market — except it isn't 5G at all, which is the first thing the spec-aware buyer needs to know. $175.00. Tap for full review and where to buy. [paid affiliate link]","https://www.gadgetstyle.com.au/product/oppo-a6k-smartphone","https://www.gadgetstyle.com.au/images/mirrored/OPPO-A6k-01-1.jpg","Everyday Carry & Accessories","#gadgetstyle #techfinds #coolgadgets #edc #everydaycarry #edctech #5ggadgets","143","product-feature"
"1","Thu","2026-05-07","3","EDC roundup: 5 pieces that earn their footprint","5 picks from our Everyday Carry & Accessories catalog this week.
• Amazon All-new Fire 7 tablet has a 30% faster quad-core… — $60
• Motorola razr FIFA World Cup 26 Edition — $700
• TESSAN PD 65W USB C Charging Station CS07 — $70
• AmazonBasics Humidifier aroma diffuser with a light combats… — $32
• Amazon Kindle Scribe Colorsoft 64GB eReader and Digital… — $680
Tap for full reviews. [paid affiliate link]","https://www.gadgetstyle.com.au/category/everyday-carry","https://www.gadgetstyle.com.au/images/mirrored/Amazon-All-new-Fire-7-tablet-01.jpg","Everyday Carry & Accessories","#gadgetstyle #techfinds #coolgadgets #edc #everydaycarry #techessentials","roundup-everyday-carry-day1","category-roundup"
"2","Fri","2026-05-08","1","5 audio picks: headphones and speakers worth a real listen","5 picks from our Audio & Sound catalog this week.
• Blink Mini Pan Tilt rotating indoor security cam offers… — $60
• Bose QuietComfort Ultra Earbuds — $299
• Amazon Echo Pop compact smart speaker offers full-bodied… — $40
• Denon Home 600 — $799
• Samsung Galaxy Buds3 Pro Wireless Earbuds — $300
Tap for full reviews. [paid affiliate link]","https://www.gadgetstyle.com.au/category/audio","https://www.gadgetstyle.com.au/images/mirrored/Blink-Mini-Pan-Tilt-Rotating-Indoor-Security-Cam-01.jpg","Audio & Sound","#gadgetstyle #techfinds #coolgadgets #audiophile #headphones #wirelessaudio","roundup-audio-day2","category-roundup"
"2","Fri","2026-05-08","2","Amazon Luna Controller connects to games in the cloud","The Luna Controller occupies a specific niche that most enthusiasts overlook: dedicated cloud gaming input. $69.99. Tap for full review and where to buy. [paid affiliate link]","https://www.gadgetstyle.com.au/product/amazon-luna-controller-connects-to-games-in-the-cloud","https://www.gadgetstyle.com.au/images/mirrored/Amazon-Luna-Controller-001.jpg","Gaming & Accessories","#gadgetstyle #techfinds #coolgadgets #gaminggadgets","261","product-feature"
"2","Fri","2026-05-08","3","Audio kit for a focused home office: Audio-Technica AT-LP120XUSB Direct-Drive Turntable","Audio kit for a focused home office. The AT-LP120XUSB sits at the upper end of the entry-to-mid consumer turntable market, competing directly with the Pro-Ject Debut Carbon EVO and Rega Planar 1 Plus in the $300–$450 range, though it takes a fundamentally different philosophy than either. $399.00. Tap for full review and where to buy. [paid affiliate link]","https://www.gadgetstyle.com.au/product/audio-technica-at-lp120xusb-direct-drive-turntable","https://www.gadgetstyle.com.au/images/mirrored/product_19_img1_488bf64b.png","Audio & Sound","#gadgetstyle #techfinds #coolgadgets #audiophile #headphones #wirelessaudio #turntable #vinyl","19","lifestyle"
"3","Sat","2026-05-09","1","Amazon eero PoE 6 dual-band Wi-Fi 6 access point has a ceiling- or wall-mountable design","The eero PoE 6 lands in the enterprise-lite / prosumer ceiling-mount access point category, sitting alongside hardware like the TP-Link EAP670 and Ubiquiti UniFi U6 Lite rather than consumer mesh nodes you tuck behind a TV. $299.99. Tap for full review and where to buy. [paid affiliate link]","https://www.gadgetstyle.com.au/product/amazon-eero-poe-6-dual-band-wi-fi-6-access-point-has-a-ceiling-or-wall-mountable","https://www.gadgetstyle.com.au/images/mirrored/Amazon-eero-PoE-6-dual-band-WiFi-6-access-point-01.jpg","Everyday Carry & Accessories","#gadgetstyle #techfinds #coolgadgets #edc #everydaycarry #edctech #amazonalexagadgets","201","product-feature"
"3","Sat","2026-05-09","2","Smart-home picks for the connected apartment: Amazon Halo Rise smart lamp & alarm clock is a…","Smart-home picks for the connected apartment. The Halo Rise occupies a specific and genuinely underserved niche: the bedside sleep tracker that doesn't require a wearable. $139.99. Tap for full review and where to buy. [paid affiliate link]","https://www.gadgetstyle.com.au/product/amazon-halo-rise-smart-lamp-and-alarm-clock-is-a-sleep-tracker-that-you-don-t-ha","https://www.gadgetstyle.com.au/images/mirrored/Amazon-Halo-Rise-smart-lamp-and-alarm-clock-01.jpg","Smart Home","#gadgetstyle #techfinds #coolgadgets #smarthome #homeautomation #smarthometech #amazonalexagadgets","208","lifestyle"
"3","Sat","2026-05-09","3","Smartwatches and trackers: 5 picks worth your wrist","5 picks from our Wearables & Fitness catalog this week.
• Withings ScanWatch 2 Hybrid Smartwatch 42mm — $350
• Amazfit T-Rex Ultra GPS Outdoor Smartwatch — $550
• Ray-Ban Meta Wayfarer Smart Glasses — $379
• Garmin Forerunner 265 GPS Running Watch — $450
• Apple Watch Series 10 GPS 46mm — $319
Tap for full reviews. [paid affiliate link]","https://www.gadgetstyle.com.au/category/wearables","https://www.gadgetstyle.com.au/images/mirrored/nptsZyNHNvQynIVv.jpg","Wearables & Fitness","#gadgetstyle #techfinds #coolgadgets #wearabletech #smartwatch #fitnesstracker","roundup-wearables-day3","category-roundup"
"4","Sun","2026-05-10","1","Amazon Kindle Scribe Colorsoft 64GB eReader and Digital Notebook","The Kindle Scribe Colorsoft lands in a specific and increasingly crowded corner of the e-ink tablet market: large-format color e-readers that double as handwriting-capable notebooks. $679.99. Tap for full review and where to buy. [paid affiliate link]","https://www.gadgetstyle.com.au/product/amazon-kindle-scribe-colorsoft-64gb-ereader-and-digital-notebook","https://www.gadgetstyle.com.au/images/mirrored/Amazon-Kindle-Scribe-Colorsoft-64GB-eReader-01.jpeg","Everyday Carry & Accessories","#gadgetstyle #techfinds #coolgadgets #edc #everydaycarry #edctech #comingsoon","152","product-feature"
"4","Sun","2026-05-10","2","Anker 737 Power Bank 24,000mAh 140W vs Amazon All-new Kindle Kids (2022…","Two Everyday Carry & Accessories options compared.
A: Anker 737 Power Bank 24,000mAh 140W — $150 (Capacity: 24,000mAh, Max Output: 140W USB-C PD 3.1)
B: Amazon All-new Kindle Kids (2022 release) eReader… — $120 (Ages: 3–12, Display: 300 ppi High-Resolution Glare-Free)
Tap for the head-to-head. [paid affiliate link]","https://www.gadgetstyle.com.au/product/anker-737-power-bank-24-000mah-140w","https://www.gadgetstyle.com.au/images/mirrored/Anker-737-Power-Bank-PowerCore-24K-01.jpg","Everyday Carry & Accessories","#gadgetstyle #techfinds #coolgadgets #edc #everydaycarry #techessentials","compare-64-vs-211","comparison"
"4","Sun","2026-05-10","3","5 Gaming & Accessories picks worth knowing this week","5 picks from our Gaming & Accessories catalog this week.
• Corsair K70 RGB PRO Mechanical Gaming Keyboard — $170
• REDMAGIC 11 Air: Gaming Smartphone with Snapdragon 8 Elite — $588
• SteelSeries Arctis Nova Pro Wireless Gaming Headset — $512
• Sony INZONE M10S II OLED Gaming Monitor — $1100
• ROG Strix Morph 96 Wireless Keyboard — $140
Tap for full reviews. [paid affiliate link]","https://www.gadgetstyle.com.au/category/gaming","https://www.gadgetstyle.com.au/images/mirrored/CORSAIR-K70-RGB-PRO-Mechanical-Gaming-Keyboard-01.jpg","Gaming & Accessories","#gadgetstyle #techfinds #coolgadgets","roundup-gaming-day4","category-roundup"
"5","Mon","2026-05-11","1","Marshall Stanmore III Bluetooth… vs Carrera Smart Glasses collection with…","Two Audio & Sound options compared.
A: Marshall Stanmore III Bluetooth Speaker — $380 (Drivers: 1x tweeter, 1x mid, 1x woofer, Output Power: 80W total)
B: Carrera Smart Glasses collection with Alexa… — $315 (Voice Assistant: Amazon Alexa, Calls: Open-Ear Audio)
Tap for the head-to-head. [paid affiliate link]","https://www.gadgetstyle.com.au/product/marshall-stanmore-iii-bluetooth-speaker","https://www.gadgetstyle.com.au/images/mirrored/Marshall-Stanmore-III-Bluetooth-Wireless-Speaker-01.jpg","Audio & Sound","#gadgetstyle #techfinds #coolgadgets #audiophile #headphones #wirelessaudio","compare-21-vs-188","comparison"
"5","Mon","2026-05-11","2","Amazon Fire TV Blaster Voice-Control Entertainment Device lets your media setup respond to…","The Fire TV Blaster sits in a narrow but well-populated category: IR/RF blasters designed to bridge voice assistants with legacy AV equipment that predates app-based control. $34.99. Tap for full review and where to buy. [paid affiliate link]","https://www.gadgetstyle.com.au/product/amazon-fire-tv-blaster-voice-control-entertainment-device-lets-your-media-setup-","https://www.gadgetstyle.com.au/images/mirrored/Amazon-Fire-TV-Blaster-Voice-Control-Entertainment-Device-01.jpg","Audio & Sound","#gadgetstyle #techfinds #coolgadgets #audiophile #headphones #wirelessaudio #amazonalexagadgets","244","product-feature"
"5","Mon","2026-05-11","3","Anker USB-C to USB-C Cable 100W (6ft, 2-Pack)","At 6 feet and 100W rated, this sits in the workhorse tier of the USB-C cable market — not a Thunderbolt 4 precision instrument, not a dollar-bin throwaway. $17.99. Tap for full review and where to buy. [paid affiliate link]","https://www.gadgetstyle.com.au/product/anker-usb-c-to-usb-c-cable-100w-6ft-2-pack","https://www.gadgetstyle.com.au/images/mirrored/RWoSBypepIyjYEdx.jpg","Everyday Carry & Accessories","#gadgetstyle #techfinds #coolgadgets #edc #everydaycarry #edctech #usbccable #100w","70","product-feature"
"6","Tue","2026-05-12","1","DJI Osmo Action 5 Pro Adventure Camera","The action camera segment has consolidated around two credible players — GoPro and DJI — with everything else fighting for scraps. $349.00. Tap for full review and where to buy. [paid affiliate link]","https://www.gadgetstyle.com.au/product/dji-osmo-action-5-pro-adventure-camera","https://www.gadgetstyle.com.au/images/mirrored/product_53_img1_17b59822.jpg","Outdoor & Adventure Tech","#gadgetstyle #techfinds #coolgadgets #outdoorgear #adventuretech #hikinggear #actioncamera #dji","53","product-feature"
"6","Tue","2026-05-12","2","5 outdoor-tech picks for the next trip","5 picks from our Outdoor & Adventure Tech catalog this week.
• Garmin Overlander All-Terrain GPS Navigator — $60
• DJI Osmo Action 5 Pro Adventure Camera — $349
• Garmin GPSMAP 67 Handheld GPS Navigator — $450
• GoPro HERO13 Black Action Camera — $400
• Garmin inReach Mini 2 Satellite Communicator — $350
Tap for full reviews. [paid affiliate link]","https://www.gadgetstyle.com.au/category/outdoor-tech","https://www.gadgetstyle.com.au/images/mirrored/product_61_img1_7534a0d0.jpg","Outdoor & Adventure Tech","#gadgetstyle #techfinds #coolgadgets #outdoorgear #adventuretech #hikinggear","roundup-outdoor-tech-day6","category-roundup"
"6","Tue","2026-05-12","3","Amazon Echo Show 5 Kids 2nd Gen… vs Dell Pro 5 Micro Desktop","Two Everyday Carry & Accessories options compared.
A: Amazon Echo Show 5 Kids 2nd Gen children’s tablet… — $95 (Processor: MediaTek MT 8163, Microphones: 2)
B: Dell Pro 5 Micro Desktop — $1409 (Processor: Intel Core Ultra 5 335 vPro, 8 cores, Up to 4.60 GHz, 47 TOPS, Operating System: Windows 11 Pro, Copilot+ PC)
Tap for the head-to-head. [paid affiliate link]","https://www.gadgetstyle.com.au/product/amazon-echo-show-5-kids-2nd-gen-children-s-tablet-has-recycled-plastics-and-a-2-","https://www.gadgetstyle.com.au/images/mirrored/Amazon-Echo-Show-5-Kids-2nd-Gen-01.jpeg","Everyday Carry & Accessories","#gadgetstyle #techfinds #coolgadgets #edc #everydaycarry #techessentials","compare-228-vs-145","comparison"
"7","Wed","2026-05-13","1","Amazon Echo Dot Max Smart Speaker with Room-Filling Sound","The smart speaker market at $99 sits in a genuinely contested band — above the commodity Bluetooth-only tier and below the premium multi-driver category occupied by the Sonos Era 100 and Apple HomePod mini's successor. $99.99. Tap for full review and where to buy. [paid affiliate link]","https://www.gadgetstyle.com.au/product/amazon-echo-dot-max-smart-speaker-with-room-filling-sound","https://www.gadgetstyle.com.au/images/mirrored/17_qxVPO33x9oc8GMxOEP1tsG_1776414844311_na1fn_L2hvbWUvdWJ1bnR1L3VwbG9hZC9zZWFyY2hfaW1hZ2VzL0ZDWjlIemZ6WEFQVA_a8d74a98.jpg","Audio & Sound","#gadgetstyle #techfinds #coolgadgets #audiophile #headphones #wirelessaudio #tech #homemedia","122","product-feature"
"7","Wed","2026-05-13","2","Smart home shortlist: 5 pieces that actually earn the install","5 picks from our Smart Home catalog this week.
• Amazon Echo Show 8 (4th Generation, 2025) — $180
• DXRACER MARTIAN Series: Gaming Chairs — $699
• Amazon Echo Dot with Clock Smart Alarm is a discreet alarm… — $60
• Blink Outdoor 4 (4th Gen) outdoor wireless security camera… — $100
• Amazon Echo Show 5 2nd Gen smart display easily manages… — $85
Tap for full reviews. [paid affiliate link]","https://www.gadgetstyle.com.au/category/smart-home","https://www.gadgetstyle.com.au/images/mirrored/15_oQvytrCrkaUrDurwbHOzSM_1776414830305_na1fn_L2hvbWUvdWJ1bnR1L3VwbG9hZC9zZWFyY2hfaW1hZ2VzL1dPUzR4dE81SGJZeQ_d0f9036b.jpg","Smart Home","#gadgetstyle #techfinds #coolgadgets #smarthome #homeautomation #iot","roundup-smart-home-day7","category-roundup"
"7","Wed","2026-05-13","3","Sennheiser Momentum 4 Wireless Headphones","The Momentum 4 sits at the premium end of the over-ear ANC wireless category, competing directly with the Sony WH-1000XM5 and Bose QuietComfort Ultra at roughly the same price band. $379.95. Tap for full review and where to buy. [paid affiliate link]","https://www.gadgetstyle.com.au/product/sennheiser-momentum-4-wireless-headphones","https://www.gadgetstyle.com.au/images/mirrored/Sennheiser-MOMENTUM-4-Wireless-Headphones-01.jpeg","Audio & Sound","#gadgetstyle #techfinds #coolgadgets #audiophile #headphones #wirelessaudio #headphones #wireless","20","product-feature"
"8","Thu","2026-05-14","1","Goal Zero Nomad 50 Portable Solar… vs Blink Floodlight Cam gives you a…","Two Outdoor & Adventure Tech options compared.
A: Goal Zero Nomad 50 Portable Solar Panel — $250 (Power Output: 50W solar panel, Cell Type: Monocrystalline)
B: Blink Floodlight Cam gives you a totally wireless… — $140 (Camera Weight: 48 g, Camera Dimensions: 71 x 71 x 31 mm)
Tap for the head-to-head. [paid affiliate link]","https://www.gadgetstyle.com.au/product/goal-zero-nomad-50-portable-solar-panel","https://www.gadgetstyle.com.au/images/mirrored/UujlYCaYrAVlZrvt.jpg","Outdoor & Adventure Tech","#gadgetstyle #techfinds #coolgadgets #outdoorgear #adventuretech #hikinggear","compare-57-vs-218","comparison"
"8","Thu","2026-05-14","2","Oura Ring Gen 3 Heritage Smart Ring","The smart ring category is small enough that every serious contender gets named — Oura, Samsung Galaxy Ring, Ultrahuman Ring AIR, RingConn — and the Heritage sits at the premium end of Oura's Gen 3 lineup, differentiated from the Horizon by its flat inner profile and faceted exterior. $499.00. Tap for full review and where to buy. [paid affiliate link]","https://www.gadgetstyle.com.au/product/oura-ring-gen-3-heritage-smart-ring","https://www.gadgetstyle.com.au/images/mirrored/Oura-Ring-Gen-3-fitness-ring-01.jpeg","Wearables & Fitness","#gadgetstyle #techfinds #coolgadgets #wearabletech #fitnesstracker #smartwatch #smartring #sleeptracking","43","product-feature"
"8","Thu","2026-05-14","3","5 EDC picks that actually fit a pocket","5 picks from our Everyday Carry & Accessories catalog this week.
• Amazon Kindle Scribe large eReader works with a pen that… — $340
• Amazon Kindle Scribe Colorsoft 64GB eReader and Digital… — $680
• TESSAN PD 65W USB C Charging Station CS07 — $70
• Amazon Echo Glow Companion Lamp responds to your voice for… — $30
• Dell Pro 5 Micro Desktop — $1409
Tap for full reviews. [paid affiliate link]","https://www.gadgetstyle.com.au/category/everyday-carry","https://www.gadgetstyle.com.au/images/mirrored/Amazon-Kindle-Scribe-Large-10-2-Inch-E-Ink-eReader-01.jpg","Everyday Carry & Accessories","#gadgetstyle #techfinds #coolgadgets #edc #everydaycarry #techessentials","roundup-everyday-carry-day8","category-roundup"
"9","Fri","2026-05-15","1","Audiophile shortlist: 5 gear picks worth the price","5 picks from our Audio & Sound catalog this week.
• Amazon Echo Studio (2025) Spatial Smart Speaker — $220
• Apple AirPods Pro (2nd Generation) with USB-C — $239
• Marshall Stanmore III Bluetooth Speaker — $380
• FiiO K7 Hi-Res Desktop DAC & Headphone Amplifier — $220
• Blink Mini Pan Tilt rotating indoor security cam offers… — $60
Tap for full reviews. [paid affiliate link]","https://www.gadgetstyle.com.au/category/audio","https://www.gadgetstyle.com.au/images/mirrored/product_118_img1_9da3f729.jpg","Audio & Sound","#gadgetstyle #techfinds #coolgadgets #audiophile #headphones #wirelessaudio","roundup-audio-day9","category-roundup"
"9","Fri","2026-05-15","2","Amazon Kindle Colorsoft Kids eReader with 16GB Storage","The Colorsoft Kids sits at the premium end of the dedicated e-reader market — a category where Amazon's own lineup is the primary competition — and it's the first color e-ink device Amazon has aimed squarely at younger readers. $269.99. Tap for full review and where to buy. [paid affiliate link]","https://www.gadgetstyle.com.au/product/amazon-kindle-colorsoft-kids-ereader-with-16gb-storage","https://www.gadgetstyle.com.au/images/mirrored/20_gTAi9CYC9Mz9xziKUR6n5I_1776414848474_na1fn_L2hvbWUvdWJ1bnR1L3VwbG9hZC9zZWFyY2hfaW1hZ2VzL0dINTMyb3QzbnRUWA_958a4267.jpg","Everyday Carry & Accessories","#gadgetstyle #techfinds #coolgadgets #edc #everydaycarry #edctech #forkids #tech","125","product-feature"
"9","Fri","2026-05-15","3","Tech that earns a place in your kit: ROG Strix Morph 96 Wireless Keyboard","Tech that earns a place in your kit. The 96% layout occupies a specific and increasingly contested niche between TKL and full-size boards — you get the numpad, lose the nav cluster bloat, and keep a compact footprint that still accommodates dedicated arrow keys and a condensed function row. $139.99. Tap for full review and where to buy. [paid affiliate link]","https://www.gadgetstyle.com.au/product/rog-strix-morph-96-wireless-keyboard","https://www.gadgetstyle.com.au/images/mirrored/11_vlI5zbYDDPxXJyRKed92Fu_1776414848626_na1fn_L2hvbWUvdWJ1bnR1L3VwbG9hZC9zZWFyY2hfaW1hZ2VzL1hUemV3WlBHaGhqaA_019f9972.jpg","Gaming & Accessories","#gadgetstyle #techfinds #coolgadgets #tech #workspace","114","lifestyle"
"10","Sat","2026-05-16","1","Amazon Fire HD 10 Kids and Kids Pro Tablets","The Fire HD 10 Kids and Kids Pro occupy a well-defined niche: full-size kids' tablets built on Amazon's own hardware platform, sitting above the Fire 7 Kids and Fire HD 8 Kids in the lineup and priced to compete directly with the Lenovo Tab M10 Plus (Kids Edition) and the more expensive Apple iPad… $189.99. Tap for full review and where to buy. [paid affiliate link]","https://www.gadgetstyle.com.au/product/amazon-fire-hd-10-kids-and-kids-pro-tablets","https://www.gadgetstyle.com.au/images/mirrored/Amazon-Fire-HD-10-Kids-2023-Tablets-01.jpg","Everyday Carry & Accessories","#gadgetstyle #techfinds #coolgadgets #edc #everydaycarry #edctech #blackfriday","164","product-feature"
"10","Sat","2026-05-16","2","Tech that earns a place in your kit: Sony INZONE M10S II OLED Gaming Monitor","Tech that earns a place in your kit. The INZONE M10S II slots into the premium 27-inch OLED gaming monitor segment, competing directly with the LG UltraGear 27GS95QE and Alienware AW2725DF — all three drawing from the same LG Display WOLED or QD-OLED panel pool, differentiated primarily by firmware, stand engineering, and feature… $1099.99. Tap for full review and where to buy. [paid affiliate link]","https://www.gadgetstyle.com.au/product/sony-inzone-m10s-ii-oled-gaming-monitor","https://www.gadgetstyle.com.au/images/mirrored/1_LXSZKNgUbD1zVGJMUhVdeP_1776414831090_na1fn_L2hvbWUvdWJ1bnR1L3VwbG9hZC9zZWFyY2hfaW1hZ2VzL0NlOHgwZ2ZXOEplVg_d8a67e8f.jpg","Gaming & Accessories","#gadgetstyle #techfinds #coolgadgets #gaming #oled","78","lifestyle"
"10","Sat","2026-05-16","3","5 wearables that actually track what matters","5 picks from our Wearables & Fitness catalog this week.
• Samsung Galaxy Watch Ultra 47mm GPS + LTE — $650
• Withings ScanWatch 2 Hybrid Smartwatch 42mm — $350
• Amazon Fire TV Omni QLED Series television takes 4K UHD… — $800
• 4iiii Viiiiva ANT+ & Bluetooth Heart Rate Monitor — $100
• Amazfit T-Rex Ultra GPS Outdoor Smartwatch — $550
Tap for full reviews. [paid affiliate link]","https://www.gadgetstyle.com.au/category/wearables","https://www.gadgetstyle.com.au/images/mirrored/eOqXeWDQbLHhcQRz.jpg","Wearables & Fitness","#gadgetstyle #techfinds #coolgadgets #wearabletech #smartwatch #fitnesstracker","roundup-wearables-day10","category-roundup"
"11","Sun","2026-05-17","1","Amazon All-New Fire HD 10 Kids Edition Children’s Tablet comes with a variety of educational…","The Fire HD 10 Kids Edition occupies the upper tier of the dedicated children's tablet segment — above the 8-inch Fire HD 8 Kids but priced squarely against the entry-level iPad (10th gen with a case) and Samsung's Galaxy Tab A9. $199.99. Tap for full review and where to buy. [paid affiliate link]","https://www.gadgetstyle.com.au/product/amazon-all-new-fire-hd-10-kids-edition-children-s-tablet-comes-with-a-variety-of","https://www.gadgetstyle.com.au/images/mirrored/Amazon-All-New-Fire-HD-10-Kids-Edition-Childrens-Tablet-01.jpg","Everyday Carry & Accessories","#gadgetstyle #techfinds #coolgadgets #edc #everydaycarry #edctech #amazonalexagadgets","245","product-feature"
"11","Sun","2026-05-17","2","Amazon eero Pro 6 mesh Wi-Fi 6 router… vs DJI Osmo Pocket 4 Gimbal Camera","Two Everyday Carry & Accessories options compared.
A: Amazon eero Pro 6 mesh Wi-Fi 6 router connects… — $229 (Ethernet Ports: 2, USB-C Ports: 1)
B: DJI Osmo Pocket 4 Gimbal Camera — $497 (Sensor Size: 1-inch CMOS, Max Video Resolution: 4K / 240fps)
Tap for the head-to-head. [paid affiliate link]","https://www.gadgetstyle.com.au/product/amazon-eero-pro-6-mesh-wi-fi-6-router-connects-more-than-75-devices-at-once","https://www.gadgetstyle.com.au/images/mirrored/Amazon-Eero-Pro-6-002.jpg","Everyday Carry & Accessories","#gadgetstyle #techfinds #coolgadgets #edc #everydaycarry #techessentials","compare-262-vs-130","comparison"
"11","Sun","2026-05-17","3","5 Gaming & Accessories picks worth knowing this week","5 picks from our Gaming & Accessories catalog this week.
• Razer Kiyo Pro Ultra 4K Streaming Webcam — $300
• Elgato HD60 X External Capture Card — $200
• Razer BlackWidow V4 75% Mechanical Gaming Keyboard — $300
• Sony INZONE M10S II OLED Gaming Monitor — $1100
• REDMAGIC 11 Air: Gaming Smartphone with Snapdragon 8 Elite — $588
Tap for full reviews. [paid affiliate link]","https://www.gadgetstyle.com.au/category/gaming","https://www.gadgetstyle.com.au/images/mirrored/product_37_img1_dbbf477e.webp","Gaming & Accessories","#gadgetstyle #techfinds #coolgadgets","roundup-gaming-day11","category-roundup"
"12","Mon","2026-05-18","1","Amazfit T-Rex Ultra GPS Outdoor… vs Samsung Galaxy Watch Ultra 47mm GPS +…","Two Wearables & Fitness options compared.
A: Amazfit T-Rex Ultra GPS Outdoor Smartwatch — $550 (Display: 1.39-inch AMOLED, 454 x 454, Battery Life: Up to 20 days (typical use))
B: Samsung Galaxy Watch Ultra 47mm GPS + LTE — $650 (Display: 1.47-inch Super AMOLED, 3,000 nits, Processor: Exynos W1000)
Tap for the head-to-head. [paid affiliate link]","https://www.gadgetstyle.com.au/product/amazfit-t-rex-ultra-gps-outdoor-smartwatch","https://www.gadgetstyle.com.au/images/mirrored/Amazfit-T-Rex-Ultra-2-01-1024x576.jpg","Wearables & Fitness","#gadgetstyle #techfinds #coolgadgets #wearabletech #smartwatch #fitnesstracker","compare-47-vs-40","comparison"
"12","Mon","2026-05-18","2","Keychron G3 Ultra Light Wireless Mouse","At 44 grams, the G3 Ultra sits in the upper tier of ultralight wireless mice — a category currently defined by the Lamzu Atlantis Mini, Logitech G Pro X Superlight 2, and Razer Viper V3 HyperSpeed. $109.99. Tap for full review and where to buy. [paid affiliate link]","https://www.gadgetstyle.com.au/product/keychron-g3-ultra-light-wireless-mouse","https://www.gadgetstyle.com.au/images/mirrored/Keychron-G3-Ultra-Light-Wireless-Mouse-04.jpg","Gaming & Accessories","#gadgetstyle #techfinds #coolgadgets #computeraccessories","146","product-feature"
"12","Mon","2026-05-18","3","Amazon Dash Smart Shelf inventory-sensing scale automatically detects low stock","The Amazon Dash Smart Shelf occupies a narrow but genuinely useful niche: passive, always-on inventory sensing for small business and home-office consumables. $19.99. Tap for full review and where to buy. [paid affiliate link]","https://www.gadgetstyle.com.au/product/amazon-dash-smart-shelf-inventory-sensing-scale-automatically-detects-low-stock","https://www.gadgetstyle.com.au/images/mirrored/Amazon-Dash-Smart-Shelf-desk-WI-FI-scale-01.jpg","Everyday Carry & Accessories","#gadgetstyle #techfinds #coolgadgets #edc #everydaycarry #edctech #giftideas120","266","product-feature"
"13","Tue","2026-05-19","1","Amazon eero Max 7 Wi-Fi 7 mesh system is remarkably faster with speeds up to 4.3 Gbps","The eero Max 7 sits at the top of eero's mesh lineup and competes directly with the Netgear Orbi 970, TP-Link Deco BE95, and Asus ZenWiFi BT10 in the tri-band Wi-Fi 7 mesh segment — a category that's still young enough that most buyers are paying a premium for future-proofing as much as present… $599.99. Tap for full review and where to buy. [paid affiliate link]","https://www.gadgetstyle.com.au/product/amazon-eero-max-7-wi-fi-7-mesh-system-is-remarkably-faster-with-speeds-up-to-4-3","https://www.gadgetstyle.com.au/images/mirrored/Amazon-eero-Max-7-Wi-Fi-7-mesh-system-new-01-1.jpg","Everyday Carry & Accessories","#gadgetstyle #techfinds #coolgadgets #edc #everydaycarry #edctech #amazonalexagadgets","191","product-feature"
"13","Tue","2026-05-19","2","Adventure tech shortlist: 5 pieces that survive the trail","5 picks from our Outdoor & Adventure Tech catalog this week.
• Kindle Paperwhite: E-Reader 12th Gen with Glare-Free… — $160
• Insta360 X4 360° Action Camera — $500
• Garmin inReach Mini 2 Satellite Communicator — $350
• GoPro HERO13 Black Action Camera — $400
• Blink Floodlight Cam gives you a totally wireless outdoor… — $140
Tap for full reviews. [paid affiliate link]","https://www.gadgetstyle.com.au/category/outdoor-tech","https://www.gadgetstyle.com.au/images/mirrored/Amazon-Kindle-7-inch-Paperwhite-eReader-03.jpg","Outdoor & Adventure Tech","#gadgetstyle #techfinds #coolgadgets #outdoorgear #adventuretech #hikinggear","roundup-outdoor-tech-day13","category-roundup"
"13","Tue","2026-05-19","3","Samsung Galaxy Buds3 Pro Wireless… vs Blink Smart Video Doorbell allows you…","Two Audio & Sound options compared.
A: Samsung Galaxy Buds3 Pro Wireless Earbuds — $300 (Driver: 10.5mm dynamic + 6.1mm planar, ANC: Adaptive active noise cancellation)
B: Blink Smart Video Doorbell allows you to answer… — $50 (Included: Video Doorbell, Mounting Kit, Resolution: 1080 p)
Tap for the head-to-head. [paid affiliate link]","https://www.gadgetstyle.com.au/product/samsung-galaxy-buds3-pro-wireless-earbuds","https://www.gadgetstyle.com.au/images/mirrored/product_18_img1_d2d9b317.webp","Audio & Sound","#gadgetstyle #techfinds #coolgadgets #audiophile #headphones #wirelessaudio","compare-18-vs-220","comparison"
"14","Wed","2026-05-20","1","Amazon Kindle Scribe 2025 11″ E-Reader","The Kindle Scribe sits at the top of Amazon's e-reader lineup, competing directly with the reMarkable Paper Pro and Kobo Elipsa 2E in the 10–13-inch writing-focused e-ink segment. $549.99. Tap for full review and where to buy. [paid affiliate link]","https://www.gadgetstyle.com.au/product/amazon-kindle-scribe-2025-11-e-reader","https://www.gadgetstyle.com.au/images/mirrored/Kindle-Scribe-2025-01.jpg","Everyday Carry & Accessories","#gadgetstyle #techfinds #coolgadgets #edc #everydaycarry #edctech #officegadgets #bestpensforwriting","154","product-feature"
"14","Wed","2026-05-20","2","5 smart-home picks worth the spend right now","5 picks from our Smart Home catalog this week.
• Amazon Fire TV Omni QLED Series — $480
• TP-Link Kasa Smart Plug Mini (4-Pack) — $26
• Amazon Echo Frames (3rd Gen) smart Alexa spectacles offer… — $195
• Amazon Echo Show 11 Smart Display with AZ3 Pro Chip — $220
• ecobee Smart Thermostat Premium — $225
Tap for full reviews. [paid affiliate link]","https://www.gadgetstyle.com.au/category/smart-home","https://www.gadgetstyle.com.au/images/mirrored/Amazon-Fire-TV-Omni-QLED-Series-01.jpg","Smart Home","#gadgetstyle #techfinds #coolgadgets #smarthome #homeautomation #iot","roundup-smart-home-day14","category-roundup"
"14","Wed","2026-05-20","3","Samsung T7 Shield 2TB Portable SSD","Samsung's portable SSD market has consolidated around three tiers: budget QLC drives that throttle under sustained load, mid-range TLC options that hold speed but sacrifice ruggedization, and a premium rugged segment where the T7 Shield competes directly against the WD My Passport SSD and SanDisk… $399.99. Tap for full review and where to buy. [paid affiliate link]","https://www.gadgetstyle.com.au/product/samsung-t7-shield-2tb-portable-ssd","https://www.gadgetstyle.com.au/images/mirrored/xOokSjIiStsSUhWg.jpg","Everyday Carry & Accessories","#gadgetstyle #techfinds #coolgadgets #edc #everydaycarry #edctech #portablessd #2tb","71","product-feature"
"15","Thu","2026-05-21","1","Goal Zero Nomad 50 Portable Solar… vs Black Diamond Spot 400 Headlamp","Two Outdoor & Adventure Tech options compared.
A: Goal Zero Nomad 50 Portable Solar Panel — $250 (Power Output: 50W solar panel, Cell Type: Monocrystalline)
B: Black Diamond Spot 400 Headlamp — $55 (Output: 400 lumens (max), Beam Distance: 100 meters)
Tap for the head-to-head. [paid affiliate link]","https://www.gadgetstyle.com.au/product/goal-zero-nomad-50-portable-solar-panel","https://www.gadgetstyle.com.au/images/mirrored/UujlYCaYrAVlZrvt.jpg","Outdoor & Adventure Tech","#gadgetstyle #techfinds #coolgadgets #outdoorgear #adventuretech #hikinggear","compare-57-vs-62","comparison"
"15","Thu","2026-05-21","2","Audio-Technica AT-LP120XUSB Direct-Drive Turntable","The AT-LP120XUSB sits at the upper end of the entry-to-mid consumer turntable market, competing directly with the Pro-Ject Debut Carbon EVO and Rega Planar 1 Plus in the $300–$450 range, though it takes a fundamentally different philosophy than either. $399.00. Tap for full review and where to buy. [paid affiliate link]","https://www.gadgetstyle.com.au/product/audio-technica-at-lp120xusb-direct-drive-turntable","https://www.gadgetstyle.com.au/images/mirrored/product_19_img1_488bf64b.png","Audio & Sound","#gadgetstyle #techfinds #coolgadgets #audiophile #headphones #wirelessaudio #turntable #vinyl","19","product-feature"
"15","Thu","2026-05-21","3","EDC roundup: 5 pieces that earn their footprint","5 picks from our Everyday Carry & Accessories catalog this week.
• Amazon eero Pro 6E Wi-Fi router supports 100+ connected… — $299
• Fire 7 Kids tablet: Ad-Free Content with Parental Controls… — $110
• Dell Pro 5 Micro Desktop — $1409
• Amazon Fire HD 10 Kids and Kids Pro Tablets — $190
• Samsung T7 Shield 2TB Portable SSD — $400
Tap for full reviews. [paid affiliate link]","https://www.gadgetstyle.com.au/category/everyday-carry","https://www.gadgetstyle.com.au/images/mirrored/Amazon-eero-Pro-6E-WiFi-router-04.jpg","Everyday Carry & Accessories","#gadgetstyle #techfinds #coolgadgets #edc #everydaycarry #techessentials","roundup-everyday-carry-day15","category-roundup"
"16","Fri","2026-05-22","1","5 audio picks: headphones and speakers worth a real listen","5 picks from our Audio & Sound catalog this week.
• Soundboks Mix — $799
• Amazon Fire TV Soundbar Plus with Dolby Atmos and DTS:X for… — $250
• Skullcandy Push 540 Open: True Wireless Earbuds — $80
• Sony INZONE H6 Air: Wired Open-Back Gaming Headset — $200
• Marshall Stanmore III Bluetooth Speaker — $380
Tap for full reviews. [paid affiliate link]","https://www.gadgetstyle.com.au/category/audio","https://www.gadgetstyle.com.au/images/mirrored/Soundboks-Mix-01.jpg","Audio & Sound","#gadgetstyle #techfinds #coolgadgets #audiophile #headphones #wirelessaudio","roundup-audio-day16","category-roundup"
"16","Fri","2026-05-22","2","REDMAGIC 11 Air: Gaming Smartphone with Snapdragon 8 Elite","The REDMAGIC 11 Air slots into the mid-to-upper tier of the Android gaming phone segment, sitting between Nubia's own more affordable entries and the ceiling occupied by the REDMAGIC 10 Pro. $587.82. Tap for full review and where to buy. [paid affiliate link]","https://www.gadgetstyle.com.au/product/redmagic-11-air-gaming-smartphone-with-snapdragon-8-elite","https://www.gadgetstyle.com.au/images/mirrored/4_9aqTvGQtQTvQZaQj3hDT1k_1776414843006_na1fn_L2hvbWUvdWJ1bnR1L3VwbG9hZC9zZWFyY2hfaW1hZ2VzL3FwUUVEbWR4SFc4NA_c1285872.png","Gaming & Accessories","#gadgetstyle #techfinds #coolgadgets #geeky #ai","87","product-feature"
"16","Fri","2026-05-22","3","EDC for travel that fits a single pocket: Amazon Kindle Scribe 64GB 11"" e-reader with pen","EDC for travel that fits a single pocket. The Kindle Scribe sits at the premium end of the e-ink tablet category, competing directly with the reMarkable 2, Kobo Elipsa 2E, and — depending on buyer priorities — the lower-end iPad mini running Kindle or GoodNotes. $549.99. Tap for full review and where to buy. [paid affiliate link]","https://www.gadgetstyle.com.au/product/amazon-kindle-scribe-64gb-11-ereader-with-pen","https://www.gadgetstyle.com.au/images/mirrored/13_M3gYGIOyOdk0JFeqOoKBsz_1776414844041_na1fn_L2hvbWUvdWJ1bnR1L3VwbG9hZC9zZWFyY2hfaW1hZ2VzL1REZERSZnozODNKQw_f0afaab9.jpg","Everyday Carry & Accessories","#gadgetstyle #techfinds #coolgadgets #edc #everydaycarry #edctech #workspace #officegadgets","117","lifestyle"
"17","Sat","2026-05-23","1","8BitDo Retro 68 Keyboard – AP50th Limited Edition","The Retro 68 AP50th sits squarely in the boutique mechanical keyboard segment — specifically the 65% wireless tier where it competes with boards like the Keychron Q2 Pro, Mode Sixty-Five, and NuPhy Halo65. $499.99. Tap for full review and where to buy. [paid affiliate link]","https://www.gadgetstyle.com.au/product/8bitdo-retro-68-keyboard-ap50th-limited-edition","https://www.gadgetstyle.com.au/images/mirrored/8BitDo-Retro-68-Keyboard-AP50th-Limited-Edition-01.jpg","Gaming & Accessories","#gadgetstyle #techfinds #coolgadgets #androidaccessories","137","product-feature"
"17","Sat","2026-05-23","2","Smart-home picks for the connected apartment: Amazon Fire HD 8 Alexa Tablet offers up to 10…","Smart-home picks for the connected apartment. Amazon's entry-level 8-inch tablet sits in a crowded segment dominated by the Lenovo Tab M8, TCL Tab 8 LE, and its own Fire 7 sibling. $79.99. Tap for full review and where to buy. [paid affiliate link]","https://www.gadgetstyle.com.au/product/amazon-fire-hd-8-alexa-tablet-offers-up-to-10-hours-of-battery-life","https://www.gadgetstyle.com.au/images/mirrored/Amazon-Fire-HD-8-Alexa-Tablet-01.jpg","Smart Home","#gadgetstyle #techfinds #coolgadgets #smarthome #homeautomation #smarthometech #amazonalexagadgets","243","lifestyle"
"17","Sat","2026-05-23","3","Smartwatches and trackers: 5 picks worth your wrist","5 picks from our Wearables & Fitness catalog this week.
• Amazon Halo health and wellness band analyzes your health… — $100
• Garmin Forerunner 265 GPS Running Watch — $450
• Oura Ring Gen 3 Heritage Smart Ring — $499
• Withings ScanWatch 2 Hybrid Smartwatch 42mm — $350
• ULTIMAL Rugged Case with Band for Apple Watch Ultra — $40
Tap for full reviews. [paid affiliate link]","https://www.gadgetstyle.com.au/category/wearables","https://www.gadgetstyle.com.au/images/mirrored/Amazon-Halo-health-and-wellness-band-01.jpg","Wearables & Fitness","#gadgetstyle #techfinds #coolgadgets #wearabletech #smartwatch #fitnesstracker","roundup-wearables-day17","category-roundup"
"18","Sun","2026-05-24","1","AmazonBasics Vintage Retro-Inspired Bluetooth Speaker mixes funky style with modern technology","The retro-styled Bluetooth speaker segment has gotten crowded — Crosley, Majority, and Klipsch all compete here with varying degrees of aesthetic commitment versus acoustic seriousness. $137.50. Tap for full review and where to buy. [paid affiliate link]","https://www.gadgetstyle.com.au/product/amazonbasics-vintage-retro-inspired-bluetooth-speaker-mixes-funky-style-with-mod","https://www.gadgetstyle.com.au/images/mirrored/AmazonBasics-Vintage-Retro-Inspired-Bluetooth-Speaker-01.jpg","Audio & Sound","#gadgetstyle #techfinds #coolgadgets #audiophile #headphones #wirelessaudio #giftideas100200","267","product-feature"
"18","Sun","2026-05-24","2","GoPro HERO13 Black Action Camera vs Outdoor 7: IP66-Rated Access Point…","Two Outdoor & Adventure Tech options compared.
A: GoPro HERO13 Black Action Camera — $400 (Sensor: 1/1.9-inch, Video: 5.3K60, 4K120)
B: Outdoor 7: IP66-Rated Access Point for Your Wi-Fi… — $350 (IP66: Yes, Connectivity Technology: Wi-Fi 7)
Tap for the head-to-head. [paid affiliate link]","https://www.gadgetstyle.com.au/product/gopro-hero13-black-action-camera","https://www.gadgetstyle.com.au/images/mirrored/GoPro-Hero-13-Black-Action-Cam-01.jpeg","Outdoor & Adventure Tech","#gadgetstyle #techfinds #coolgadgets #outdoorgear #adventuretech #hikinggear","compare-52-vs-258","comparison"
"18","Sun","2026-05-24","3","5 Gaming & Accessories picks worth knowing this week","5 picks from our Gaming & Accessories catalog this week.
• Corsair K70 RGB PRO Mechanical Gaming Keyboard — $170
• REDMAGIC 11 Air: Gaming Smartphone with Snapdragon 8 Elite — $588
• SteelSeries Arctis Nova Pro Wireless Gaming Headset — $512
• DualSense Edge Wireless Controller for PS5 — $200
• HyperX Cloud III Wireless Gaming Headset — $150
Tap for full reviews. [paid affiliate link]","https://www.gadgetstyle.com.au/category/gaming","https://www.gadgetstyle.com.au/images/mirrored/CORSAIR-K70-RGB-PRO-Mechanical-Gaming-Keyboard-01.jpg","Gaming & Accessories","#gadgetstyle #techfinds #coolgadgets","roundup-gaming-day18","category-roundup"
"19","Mon","2026-05-25","1","Fire HD 8 2024: Tablet with 8”… vs Amazon Kindle Scribe large eReader…","Two Everyday Carry & Accessories options compared.
A: Fire HD 8 2024: Tablet with 8” Display and… — $100 (Weight: 11.88 oz, CPU & RAM: Hexa-Core 2.0 GHz, 3/4 GB RAM)
B: Amazon Kindle Scribe large eReader works with a… — $340 (Screen: 10.2"" E-Ink, Resolution: 300 dpi)
Tap for the head-to-head. [paid affiliate link]","https://www.gadgetstyle.com.au/product/fire-hd-8-2024-tablet-with-8-display-and-easy-to-use-tools-by-amazon-on-gadget-f","https://www.gadgetstyle.com.au/images/mirrored/Amazon-Fire-HD-8-Tablet-01.jpg","Everyday Carry & Accessories","#gadgetstyle #techfinds #coolgadgets #edc #everydaycarry #techessentials","compare-184-vs-209","comparison"
"19","Mon","2026-05-25","2","Garmin GPSMAP 67 Handheld GPS Navigator","The GPSMAP 67 sits at the upper end of Garmin's dedicated hiking navigator line, slotting above the inReach Mini 2 and Oregon 700 series in terms of raw positioning capability, but without the satellite messaging hardware of the GPSMAP 67i variant. $449.99. Tap for full review and where to buy. [paid affiliate link]","https://www.gadgetstyle.com.au/product/garmin-gpsmap-67-handheld-gps-navigator","https://www.gadgetstyle.com.au/images/mirrored/product_59_img1_eb63e06f.jpg","Outdoor & Adventure Tech","#gadgetstyle #techfinds #coolgadgets #outdoorgear #adventuretech #hikinggear #gpsnavigator #handheld","59","product-feature"
"19","Mon","2026-05-25","3","LEGO Editions Cristiano Ronaldo – Soccer Highlights","The LEGO Editions line for licensed athlete figures sits in a niche between LEGO's own Icons series and its more affordable Creator sets — premium enough to justify display shelf placement, accessible enough to serve as an entry point for younger builders. $29.99. Tap for full review and where to buy. [paid affiliate link]","https://www.gadgetstyle.com.au/product/lego-editions-cristiano-ronaldo-soccer-highlights","https://www.gadgetstyle.com.au/images/mirrored/2_7bwwB4Fzg0QlC4BolsOVSi_1776414842485_na1fn_L2hvbWUvdWJ1bnR1L3VwbG9hZC9zZWFyY2hfaW1hZ2VzL1IwbzdyRzhQNUpiVQ_baf155dd.jpg","Gaming & Accessories","#gadgetstyle #techfinds #coolgadgets #collectibles #sports","79","product-feature"
"20","Tue","2026-05-26","1","Google Nest Hub (2nd Gen) Smart Display","The 7-inch smart display category is split between Amazon's Echo Show 8 and Google's own Nest lineup, and the second-generation Nest Hub lands at the smaller, more accessible end of that spectrum — below the Nest Hub Max's 10-inch footprint and camera. $107.99. Tap for full review and where to buy. [paid affiliate link]","https://www.gadgetstyle.com.au/product/google-nest-hub-2nd-gen-smart-display","https://www.gadgetstyle.com.au/images/mirrored/oIyghMZeJnUUatGr.webp","Smart Home","#gadgetstyle #techfinds #coolgadgets #smarthome #homeautomation #smarthometech #smartdisplay #googleassistant","2","product-feature"
"20","Tue","2026-05-26","2","5 outdoor-tech picks for the next trip","5 picks from our Outdoor & Adventure Tech catalog this week.
• Jackery Explorer 1000 Plus Portable Power Station — $1524
• Kindle Paperwhite: E-Reader 12th Gen with Glare-Free… — $160
• GoPro HERO13 Black Action Camera — $400
• Garmin inReach Mini 2 Satellite Communicator — $350
• Garmin GPSMAP 67 Handheld GPS Navigator — $450
Tap for full reviews. [paid affiliate link]","https://www.gadgetstyle.com.au/category/outdoor-tech","https://www.gadgetstyle.com.au/images/mirrored/product_55_img1_d1d56f69.png","Outdoor & Adventure Tech","#gadgetstyle #techfinds #coolgadgets #outdoorgear #adventuretech #hikinggear","roundup-outdoor-tech-day20","category-roundup"
"20","Tue","2026-05-26","3","Amazon Halo View fitness band offers… vs WHOOP 4.0 Health & Fitness Tracker","Two Wearables & Fitness options compared.
A: Amazon Halo View fitness band offers a bright… — $80 (Battery Life: 7 Days, Water Resistance: 50 m)
B: WHOOP 4.0 Health & Fitness Tracker — $149 (Sensors: 5 LEDs (3 green, 1 red, 1 infrared), SpO2, Battery Life: Up to 5 days)
Tap for the head-to-head. [paid affiliate link]","https://www.gadgetstyle.com.au/product/amazon-halo-view-fitness-band-offers-a-bright-amoled-color-display-to-see-health","https://www.gadgetstyle.com.au/images/mirrored/Amazon-Halo-View-AMOLED-Display-Fitness-Band-01.jpeg","Wearables & Fitness","#gadgetstyle #techfinds #coolgadgets #wearabletech #smartwatch #fitnesstracker","compare-221-vs-45","comparison"
"21","Wed","2026-05-27","1","Amazon Fire TV Omni QLED Series","The Fire TV Omni QLED sits in the increasingly crowded mid-range smart TV segment, competing directly with TCL's QM8 series, Hisense's U8N, and Vizio's M-Series Quantum X — all of which fight for the $400–$550 bracket where QLED quantum dot filtering and full-array local dimming have become table… $479.99. Tap for full review and where to buy. [paid affiliate link]","https://www.gadgetstyle.com.au/product/amazon-fire-tv-omni-qled-series","https://www.gadgetstyle.com.au/images/mirrored/Amazon-Fire-TV-Omni-QLED-Series-01.jpg","Smart Home","#gadgetstyle #techfinds #coolgadgets #smarthome #homeautomation #smarthometech #coolestaigadgets","156","product-feature"
"21","Wed","2026-05-27","2","Smart home shortlist: 5 pieces that actually earn the install","5 picks from our Smart Home catalog this week.
• Amazon Fire TV Omni QLED Series — $480
• DXRACER MARTIAN Series: Gaming Chairs — $699
• Amazon Fire TV Stick 4K Max (2nd Gen) — $60
• iRobot Roomba j7+ Self-Emptying Robot Vacuum — $800
• Amazon Fire TV Stick Lite comes with the Alexa Voice Remote… — $30
Tap for full reviews. [paid affiliate link]","https://www.gadgetstyle.com.au/category/smart-home","https://www.gadgetstyle.com.au/images/mirrored/Amazon-Fire-TV-Omni-QLED-Series-01.jpg","Smart Home","#gadgetstyle #techfinds #coolgadgets #smarthome #homeautomation #iot","roundup-smart-home-day21","category-roundup"
"21","Wed","2026-05-27","3","Amazon eero Pro 6 mesh Wi-Fi 6 router connects more than 75 devices at once","The eero Pro 6 sits in the prosumer mesh Wi-Fi segment, competing directly with the TP-Link Deco XE75 and Netgear Orbi RBK763S at similar price points. $229.00. Tap for full review and where to buy. [paid affiliate link]","https://www.gadgetstyle.com.au/product/amazon-eero-pro-6-mesh-wi-fi-6-router-connects-more-than-75-devices-at-once","https://www.gadgetstyle.com.au/images/mirrored/Amazon-Eero-Pro-6-002.jpg","Everyday Carry & Accessories","#gadgetstyle #techfinds #coolgadgets #edc #everydaycarry #edctech #giftideas200400","262","product-feature"
"22","Thu","2026-05-28","1","Amazon All-New Fire HD 10 Kids… vs Nomad Base One Max MagSafe Charger","Two Everyday Carry & Accessories options compared.
A: Amazon All-New Fire HD 10 Kids Edition Children’s… — $200 (Internal Storage: 32 GB, Battery Life: 12 Hrs)
B: Nomad Base One Max MagSafe Charger — $150 (Charging: MagSafe 15W + Apple Watch fast charge, Material: Metal + glass surface)
Tap for the head-to-head. [paid affiliate link]","https://www.gadgetstyle.com.au/product/amazon-all-new-fire-hd-10-kids-edition-children-s-tablet-comes-with-a-variety-of","https://www.gadgetstyle.com.au/images/mirrored/Amazon-All-New-Fire-HD-10-Kids-Edition-Childrens-Tablet-01.jpg","Everyday Carry & Accessories","#gadgetstyle #techfinds #coolgadgets #edc #everydaycarry #techessentials","compare-245-vs-73","comparison"
"22","Thu","2026-05-28","2","Dyson HushJet Mini Cool","The personal cooling market splits cleanly between desk-bound AC units, traditional bladed fans, and the increasingly crowded bladeless portable segment — and the HushJet Mini Cool lands squarely in that last category, competing against the Dyson BP01 and a wave of cheaper bladeless alternatives… $99.99. Tap for full review and where to buy. [paid affiliate link]","https://www.gadgetstyle.com.au/product/dyson-hushjet-mini-cool","https://www.gadgetstyle.com.au/images/mirrored/Dyson-HushJet-Mini-Cool-03.jpg","Smart Home","#gadgetstyle #techfinds #coolgadgets #smarthome #homeautomation #smarthometech #coolgadgets #portable","80","product-feature"
"22","Thu","2026-05-28","3","5 EDC picks that actually fit a pocket","5 picks from our Everyday Carry & Accessories catalog this week.
• Amazon Kindle Scribe Colorsoft 64GB eReader and Digital… — $680
• Dell Pro 5 Micro Desktop — $1409
• Amazon Echo Show 5 3rd Gen Smart Display — $90
• Amazon Fire TV Stick 4K 2nd gen streaming device supports… — $50
• Nomad Base One Max MagSafe Charger — $150
Tap for full reviews. [paid affiliate link]","https://www.gadgetstyle.com.au/category/everyday-carry","https://www.gadgetstyle.com.au/images/mirrored/Amazon-Kindle-Scribe-Colorsoft-64GB-eReader-01.jpeg","Everyday Carry & Accessories","#gadgetstyle #techfinds #coolgadgets #edc #everydaycarry #techessentials","roundup-everyday-carry-day22","category-roundup"
"23","Fri","2026-05-29","1","Audiophile shortlist: 5 gear picks worth the price","5 picks from our Audio & Sound catalog this week.
• Amazon Fire TV Soundbar Plus with Dolby Atmos and DTS:X for… — $250
• Amazon Echo Dot 4th-Generation smart speaker is smaller and… — $60
• Amazon Fire TV Soundbar delivers room-filling 3D sound and… — $120
• Soundboks Mix — $799
• Amazon Echo Dot Max Smart Speaker — $100
Tap for full reviews. [paid affiliate link]","https://www.gadgetstyle.com.au/category/audio","https://www.gadgetstyle.com.au/images/mirrored/Amazon-Fire-TV-Soundbar-01.jpg","Audio & Sound","#gadgetstyle #techfinds #coolgadgets #audiophile #headphones #wirelessaudio","roundup-audio-day23","category-roundup"
"23","Fri","2026-05-29","2","Jackery Explorer 1000 Plus Portable Power Station","The Explorer 1000 Plus lands in the mid-capacity portable power station segment — above the 500–700Wh travel-tier units but below the 2,000Wh+ whole-home-backup class. $1524.26. Tap for full review and where to buy. [paid affiliate link]","https://www.gadgetstyle.com.au/product/jackery-explorer-1000-plus-portable-power-station","https://www.gadgetstyle.com.au/images/mirrored/product_55_img1_d1d56f69.png","Outdoor & Adventure Tech","#gadgetstyle #techfinds #coolgadgets #outdoorgear #adventuretech #hikinggear #powerstation #portable","55","product-feature"
"23","Fri","2026-05-29","3","EDC for travel that fits a single pocket: Amazon Kindle Scribe (32GB)","EDC for travel that fits a single pocket. The e-ink writing tablet segment has been slowly maturing around a core set of players — Remarkable 2, Kobo Elipsa 2E, Onyx Boox Note Air series — and the Scribe competes directly in that upper tier at $399.99 with the bundled Premium Pen. $399.99. Tap for full review and where to buy. [paid affiliate link]","https://www.gadgetstyle.com.au/product/amazon-kindle-scribe-32gb","https://www.gadgetstyle.com.au/images/mirrored/Amazon-Kindle-Scribe-2024-01.jpg","Everyday Carry & Accessories","#gadgetstyle #techfinds #coolgadgets #edc #everydaycarry #edctech #blackfriday","172","lifestyle"
"24","Sat","2026-05-30","1","Amazon Astro 2nd Gen smart robot offers useful features for home and office situations","Astro 2nd Gen sits at the premium end of the consumer home-robotics segment — a category that, until recently, was dominated by iRobot's vacuum-only form factor and Arlo's stationary security cameras. $1599.99. Tap for full review and where to buy. [paid affiliate link]","https://www.gadgetstyle.com.au/product/amazon-astro-2nd-gen-smart-robot-offers-useful-features-for-home-and-office-situ","https://www.gadgetstyle.com.au/images/mirrored/Amazon-Astro-2nd-Generation-Smart-Home-Office-Robot-01.jpeg","Everyday Carry & Accessories","#gadgetstyle #techfinds #coolgadgets #edc #everydaycarry #edctech #amazonalexagadgets","196","product-feature"
"24","Sat","2026-05-30","2","Audio kit for a focused home office: JBL Charge 5 Portable Bluetooth Speaker","Audio kit for a focused home office. The Charge 5 sits in the mid-size portable Bluetooth speaker segment — above the pill-form-factor Flip tier and below the full-room ambitions of the Xtreme series. $139.95. Tap for full review and where to buy. [paid affiliate link]","https://www.gadgetstyle.com.au/product/jbl-charge-5-portable-bluetooth-speaker","https://www.gadgetstyle.com.au/images/mirrored/product_15_img1_93c2e987.jpg","Audio & Sound","#gadgetstyle #techfinds #coolgadgets #audiophile #headphones #wirelessaudio #bluetoothspeaker #portable","15","lifestyle"
"24","Sat","2026-05-30","3","5 wearables that actually track what matters","5 picks from our Wearables & Fitness catalog this week.
• Apple Watch Series 10 GPS 46mm — $319
• Withings ScanWatch 2 Hybrid Smartwatch 42mm — $350
• Oura Ring Gen 3 Heritage Smart Ring — $499
• Fitbit Charge 6 Advanced Fitness Tracker — $179
• Google Pixel Watch 3 45mm WiFi + LTE — $350
Tap for full reviews. [paid affiliate link]","https://www.gadgetstyle.com.au/category/wearables","https://www.gadgetstyle.com.au/images/mirrored/product_39_img1_7fc1f44a.jpg","Wearables & Fitness","#gadgetstyle #techfinds #coolgadgets #wearabletech #smartwatch #fitnesstracker","roundup-wearables-day24","category-roundup"
"25","Sun","2026-05-31","1","Soundboks Mix","The Soundboks Mix sits at the top of the portable party speaker category — not the compact JBL Xtreme or UE Hyperboom tier, but the full-scale, bring-it-to-the-festival class where it competes directly with the Bose S1 Pro+ and the JBL PartyBox 310. $799.00. Tap for full review and where to buy. [paid affiliate link]","https://www.gadgetstyle.com.au/product/soundboks-mix","https://www.gadgetstyle.com.au/images/mirrored/Soundboks-Mix-01.jpg","Audio & Sound","#gadgetstyle #techfinds #coolgadgets #audiophile #headphones #wirelessaudio #bestsummergadgets","255","product-feature"
"25","Sun","2026-05-31","2","KeySmart Max Tile Tracker Key… vs Amazon Kindle Scribe 64GB 11""…","Two Everyday Carry & Accessories options compared.
A: KeySmart Max Tile Tracker Key Organizer — $50 (Capacity: Up to 14 keys, Tracker: Tile built-in)
B: Amazon Kindle Scribe 64GB 11"" e-reader with pen — $550 (Screen Size: 11.01 inches, Total Storage Capacity: 64 gigabytes)
Tap for the head-to-head. [paid affiliate link]","https://www.gadgetstyle.com.au/product/keysmart-max-tile-tracker-key-organizer","https://www.gadgetstyle.com.au/images/mirrored/ZFPGSBIRYVDbIhrq.jpg","Everyday Carry & Accessories","#gadgetstyle #techfinds #coolgadgets #edc #everydaycarry #techessentials","compare-74-vs-117","comparison"
"25","Sun","2026-05-31","3","5 Gaming & Accessories picks worth knowing this week","5 picks from our Gaming & Accessories catalog this week.
• Elgato HD60 X External Capture Card — $200
• CORSAIR 3200D RS ARGB — $80
• NuPhy Air 65 V3 — $130
• REDMAGIC 11 Air: Gaming Smartphone with Snapdragon 8 Elite — $588
• Logitech G502 X PLUS LIGHTSPEED Wireless Gaming Mouse — $160
Tap for full reviews. [paid affiliate link]","https://www.gadgetstyle.com.au/category/gaming","https://www.gadgetstyle.com.au/images/mirrored/Elgato-HD60-X-Ultra-Low-Latency-Gaming-Capture-Card-01.jpeg","Gaming & Accessories","#gadgetstyle #techfinds #coolgadgets","roundup-gaming-day25","category-roundup"
"26","Mon","2026-06-01","1","Amazon Fire HD 8 Alexa Tablet offers… vs Yale Assure Lock 2 Smart Lock with…","Two Smart Home options compared.
A: Amazon Fire HD 8 Alexa Tablet offers up to 10… — $80 (Display: 8"" HD, GB: 16, 32)
B: Yale Assure Lock 2 Smart Lock with Wi-Fi — $280 (Lock Type: Keyless touchscreen deadbolt, Connectivity: Wi-Fi, Bluetooth, Z-Wave)
Tap for the head-to-head. [paid affiliate link]","https://www.gadgetstyle.com.au/product/amazon-fire-hd-8-alexa-tablet-offers-up-to-10-hours-of-battery-life","https://www.gadgetstyle.com.au/images/mirrored/Amazon-Fire-HD-8-Alexa-Tablet-01.jpg","Smart Home","#gadgetstyle #techfinds #coolgadgets #smarthome #homeautomation #iot","compare-243-vs-12","comparison"
"26","Mon","2026-06-01","2","AULA WIN60 HE – 60% Magnetic Gaming Keyboard","Hall effect switches at $69.99 puts the WIN60 HE in direct competition with the Wooting 60HE and the Razer Huntsman V3 Pro Mini — both of which cost significantly more. $69.99. Tap for full review and where to buy. [paid affiliate link]","https://www.gadgetstyle.com.au/product/aula-win60-he-60-magnetic-gaming-keyboard","https://www.gadgetstyle.com.au/images/mirrored/7_5gPWgVXAONIV1vXw19Tz7U_1776414843531_na1fn_L2hvbWUvdWJ1bnR1L3VwbG9hZC9zZWFyY2hfaW1hZ2VzL005cGVGdW9LRXI4ZA_efe953ae.jpg","Gaming & Accessories","#gadgetstyle #techfinds #coolgadgets #tech #gaming","100","product-feature"
"26","Mon","2026-06-01","3","Amazon Echo Studio Dolby Atmos Speaker gives you the sound you’ve been missing","The Echo Studio sits at the upper end of Amazon's first-party speaker lineup, slotting above the Echo (4th Gen) and targeting the $150–$250 smart speaker segment where it competes directly with the Sonos Era 100 and Apple HomePod (2nd gen). $199.99. Tap for full review and where to buy. [paid affiliate link]","https://www.gadgetstyle.com.au/product/amazon-echo-studio-dolby-atmos-speaker-gives-you-the-sound-you-ve-been-missing","https://www.gadgetstyle.com.au/images/mirrored/Amazon-Echo-Studio-Dolby-Atmos-Speaker-01.jpg","Audio & Sound","#gadgetstyle #techfinds #coolgadgets #audiophile #headphones #wirelessaudio #amazonalexagadgets","250","product-feature"
"27","Tue","2026-06-02","1","Amazon Kindle Scribe large eReader works with a pen that actually writes on the screen","The Kindle Scribe sits at the top of Amazon's e-reader lineup, occupying the increasingly crowded large-format e-ink writing tablet segment alongside the reMarkable 2, Kobo Elipsa 2E, and Onyx Boox Note Air 3. $339.99. Tap for full review and where to buy. [paid affiliate link]","https://www.gadgetstyle.com.au/product/amazon-kindle-scribe-large-ereader-works-with-a-pen-that-actually-writes-on-the-","https://www.gadgetstyle.com.au/images/mirrored/Amazon-Kindle-Scribe-Large-10-2-Inch-E-Ink-eReader-01.jpg","Everyday Carry & Accessories","#gadgetstyle #techfinds #coolgadgets #edc #everydaycarry #edctech #giftideas200400","209","product-feature"
"27","Tue","2026-06-02","2","Adventure tech shortlist: 5 pieces that survive the trail","5 picks from our Outdoor & Adventure Tech catalog this week.
• Garmin GPSMAP 67 Handheld GPS Navigator — $450
• Garmin inReach Mini 2 Satellite Communicator — $350
• GoPro HERO13 Black Action Camera — $400
• Black Diamond Spot 400 Headlamp — $55
• DJI Mini 4 Pro Drone with RC 2 Controller — $500
Tap for full reviews. [paid affiliate link]","https://www.gadgetstyle.com.au/category/outdoor-tech","https://www.gadgetstyle.com.au/images/mirrored/product_59_img1_eb63e06f.jpg","Outdoor & Adventure Tech","#gadgetstyle #techfinds #coolgadgets #outdoorgear #adventuretech #hikinggear","roundup-outdoor-tech-day27","category-roundup"
"27","Tue","2026-06-02","3","REDMAGIC 11 Air: Gaming Smartphone… vs Logitech G502 X PLUS LIGHTSPEED…","Two Gaming & Accessories options compared.
A: REDMAGIC 11 Air: Gaming Smartphone with… — $588 (Processor: Snapdragon 8 Elite & RedCore R4, Display: 144Hz Notch-less Full-Screen)
B: Logitech G502 X PLUS LIGHTSPEED Wireless Gaming… — $160 (Sensor: HERO 25K, Resolution: 100–25,600 DPI)
Tap for the head-to-head. [paid affiliate link]","https://www.gadgetstyle.com.au/product/redmagic-11-air-gaming-smartphone-with-snapdragon-8-elite","https://www.gadgetstyle.com.au/images/mirrored/4_9aqTvGQtQTvQZaQj3hDT1k_1776414843006_na1fn_L2hvbWUvdWJ1bnR1L3VwbG9hZC9zZWFyY2hfaW1hZ2VzL3FwUUVEbWR4SFc4NA_c1285872.png","Gaming & Accessories","#gadgetstyle #techfinds #coolgadgets","compare-87-vs-26","comparison"
"28","Wed","2026-06-03","1","Amazon Echo Auto 2nd Gen smart car accessory provides intelligent on-the-go assistance","The car-mounted smart assistant category is a narrow but genuinely useful one, and the Echo Auto sits at the top of it by default — there's no serious Android Auto or CarPlay alternative that operates purely through a clip-on puck. $54.99. Tap for full review and where to buy. [paid affiliate link]","https://www.gadgetstyle.com.au/product/amazon-echo-auto-2nd-gen-smart-car-accessory-provides-intelligent-on-the-go-assi","https://www.gadgetstyle.com.au/images/mirrored/Amazon-Echo-Auto-2nd-Gen-smart-car-accessory-01.jpg","Everyday Carry & Accessories","#gadgetstyle #techfinds #coolgadgets #edc #everydaycarry #edctech #amazonalexagadgets","205","product-feature"
"28","Wed","2026-06-03","2","5 smart-home picks worth the spend right now","5 picks from our Smart Home catalog this week.
• Amazon Fire TV Omni QLED Series (50""-75"") — $450
• Amazon Ember Artline 55"" 4K QLED Fire TV — $900
• Google Nest Hub (2nd Gen) Smart Display — $108
• Arlo Pro 5S 2K Spotlight Security Camera — $170
• Amazon Halo Rise smart lamp & alarm clock is a sleep… — $140
Tap for full reviews. [paid affiliate link]","https://www.gadgetstyle.com.au/category/smart-home","https://www.gadgetstyle.com.au/images/mirrored/14_YEpujKr5ywil8TOFxTUA6P_1776414842845_na1fn_L2hvbWUvdWJ1bnR1L3VwbG9hZC9zZWFyY2hfaW1hZ2VzL2xjb245c0tlSHpvNA_612b3180.jpg","Smart Home","#gadgetstyle #techfinds #coolgadgets #smarthome #homeautomation #iot","roundup-smart-home-day28","category-roundup"
"28","Wed","2026-06-03","3","NuPhy Air 65 V3","The Air 65 V3 sits in the increasingly competitive $100–$150 wireless 65% segment, going up against the Keychron Q2 Pro, Monsgeek M1W, and Epomaker TH65. $129.95. Tap for full review and where to buy. [paid affiliate link]","https://www.gadgetstyle.com.au/product/nuphy-air-65-v3","https://www.gadgetstyle.com.au/images/mirrored/NuPhy-Air-65-V3-01.jpg","Gaming & Accessories","#gadgetstyle #techfinds #coolgadgets #computeraccessories #computerkeyboards","141","product-feature"
"29","Thu","2026-06-04","1","Amazon Smart Cuckoo Clock lets you… vs Amazon Alexa Voice Remote Pro comes…","Two Smart Home options compared.
A: Amazon Smart Cuckoo Clock lets you set timers… — $80 (Voice Assistant: Amazon Alexa, Display: LED)
B: Amazon Alexa Voice Remote Pro comes with remote… — $35 (Batteries: 2 AAA, Compatibility: Most Fire TV Streaming Media Players, Amazon Fire TV Smart TVs, Smart TVs w/ Fire TV Built-In)
Tap for the head-to-head. [paid affiliate link]","https://www.gadgetstyle.com.au/product/amazon-smart-cuckoo-clock-lets-you-set-timers-alarms-and-more-via-voice-command","https://www.gadgetstyle.com.au/images/mirrored/Amazon-Smart-Cuckoo-Clock-01.jpg","Smart Home","#gadgetstyle #techfinds #coolgadgets #smarthome #homeautomation #iot","compare-234-vs-204","comparison"
"29","Thu","2026-06-04","2","Bose QuietComfort Ultra Earbuds","The QC Ultra Earbuds sit at the top of Bose's consumer lineup, competing directly with the Sony WF-1000XM5 and Apple AirPods Pro 2 in the $280–$300 true wireless bracket — a tier where ANC performance and tuning maturity matter more than raw driver spec. $299.00. Tap for full review and where to buy. [paid affiliate link]","https://www.gadgetstyle.com.au/product/bose-quietcomfort-ultra-earbuds","https://www.gadgetstyle.com.au/images/mirrored/Bose-QuietComfort-Ultra-Earbuds-01.jpg","Audio & Sound","#gadgetstyle #techfinds #coolgadgets #audiophile #headphones #wirelessaudio #earbuds #noisecancelling","16","product-feature"
"29","Thu","2026-06-04","3","EDC roundup: 5 pieces that earn their footprint","5 picks from our Everyday Carry & Accessories catalog this week.
• Amazon Smart Nutrition Scale shares the calories, carbs… — $35
• Leatherman Wave+ Multi-Tool — $130
• Amazon eero 6+ Wi-Fi 6 Router — $139
• Amazon Blink Mini 2 — $40
• Amazon eero PoE 10-Port Wired Gateway supplies 100 watts of… — $650
Tap for full reviews. [paid affiliate link]","https://www.gadgetstyle.com.au/category/everyday-carry","https://www.gadgetstyle.com.au/images/mirrored/Amazon-Smart-Nutrition-Scale-01.jpeg","Everyday Carry & Accessories","#gadgetstyle #techfinds #coolgadgets #edc #everydaycarry #techessentials","roundup-everyday-carry-day29","category-roundup"
"30","Fri","2026-06-05","1","5 audio picks: headphones and speakers worth a real listen","5 picks from our Audio & Sound catalog this week.
• Amazon Echo Studio Dolby Atmos Speaker gives you the sound… — $200
• Brane Audio Brane X Smart Speaker with RAD Bass and 360°… — $499
• Amazon Echo Dot Max Smart Speaker with Room-Filling Sound — $100
• Amazon Fire TV Soundbar Plus with Dolby Atmos and DTS:X for… — $250
• FiiO K7 Hi-Res Desktop DAC & Headphone Amplifier — $220
Tap for full reviews. [paid affiliate link]","https://www.gadgetstyle.com.au/category/audio","https://www.gadgetstyle.com.au/images/mirrored/Amazon-Echo-Studio-Dolby-Atmos-Speaker-01.jpg","Audio & Sound","#gadgetstyle #techfinds #coolgadgets #audiophile #headphones #wirelessaudio","roundup-audio-day30","category-roundup"
"30","Fri","2026-06-05","2","Blink Floodlight Cam gives you a totally wireless outdoor HD smart security setup","Battery-powered outdoor security cameras occupy a crowded middle tier between wired PoE installs and cheap solar-tethered budget cams. $139.98. Tap for full review and where to buy. [paid affiliate link]","https://www.gadgetstyle.com.au/product/blink-floodlight-cam-gives-you-a-totally-wireless-outdoor-hd-smart-security-setu","https://www.gadgetstyle.com.au/images/mirrored/Amazon-Blink-Floodlight-Cam-Wireless-Outdoor-Camera-01.jpg","Outdoor & Adventure Tech","#gadgetstyle #techfinds #coolgadgets #outdoorgear #adventuretech #hikinggear #amazonalexagadgets","218","product-feature"
"30","Fri","2026-06-05","3","EDC for travel that fits a single pocket: Amazon Kindle Scribe Colorsoft 64GB eReader and…","EDC for travel that fits a single pocket. The Kindle Scribe Colorsoft lands in a specific and increasingly crowded corner of the e-ink tablet market: large-format color e-readers that double as handwriting-capable notebooks. $679.99. Tap for full review and where to buy. [paid affiliate link]","https://www.gadgetstyle.com.au/product/amazon-kindle-scribe-colorsoft-64gb-ereader-and-digital-notebook","https://www.gadgetstyle.com.au/images/mirrored/Amazon-Kindle-Scribe-Colorsoft-64GB-eReader-01.jpeg","Everyday Carry & Accessories","#gadgetstyle #techfinds #coolgadgets #edc #everydaycarry #edctech #comingsoon","152","lifestyle"
